"행정구역","2026년03월_거주자_총인구수","2026년03월_거주자_연령구간인구수","2026년03월_거주자_0~9세","2026년03월_거주자_10~19세","2026년03월_거주자_20~29세","2026년03월_거주자_30~39세","2026년03월_거주자_40~49세","2026년03월_거주자_50~59세","2026년03월_거주자_60~69세","2026년03월_거주자_70~79세","2026년03월_거주자_80~89세","2026년03월_거주자_90~99세","2026년03월_거주자_100세 이상","2026년03월_남_거주자_총인구수","2026년03월_남_거주자_연령구간인구수","2026년03월_남_거주자_0~9세","2026년03월_남_거주자_10~19세","2026년03월_남_거주자_20~29세","2026년03월_남_거주자_30~39세","2026년03월_남_거주자_40~49세","2026년03월_남_거주자_50~59세","2026년03월_남_거주자_60~69세","2026년03월_남_거주자_70~79세","2026년03월_남_거주자_80~89세","2026년03월_남_거주자_90~99세","2026년03월_남_거주자_100세 이상","2026년03월_여_거주자_총인구수","2026년03월_여_거주자_연령구간인구수","2026년03월_여_거주자_0~9세","2026년03월_여_거주자_10~19세","2026년03월_여_거주자_20~29세","2026년03월_여_거주자_30~39세","2026년03월_여_거주자_40~49세","2026년03월_여_거주자_50~59세","2026년03월_여_거주자_60~69세","2026년03월_여_거주자_70~79세","2026년03월_여_거주자_80~89세","2026년03월_여_거주자_90~99세","2026년03월_여_거주자_100세 이상"
"서울특별시  (1100000000)","9,238,662","9,238,662","456,369","718,682","1,240,348","1,457,901","1,347,262","1,448,776","1,304,987","837,253","368,849","56,887","1,348","4,447,513","4,447,513","234,364","366,239","579,453","727,836","665,579","711,309","618,719","377,045","150,375","16,327","267","4,791,149","4,791,149","222,005","352,443","660,895","730,065","681,683","737,467","686,268","460,208","218,474","40,560","1,081"
"서울특별시 종로구 (1111000000)","135,176","135,176","5,009","9,180","19,980","19,762","17,817","22,247","20,579","12,570","6,788","1,215","29","64,653","64,653","2,570","4,467","9,250","9,852","8,526","10,889","10,244","5,798","2,670","379","8","70,523","70,523","2,439","4,713","10,730","9,910","9,291","11,358","10,335","6,772","4,118","836","21"
"서울특별시 중구 (1114000000)","116,415","116,415","4,846","5,848","15,535","21,072","15,913","17,399","17,535","11,493","5,743","1,011","20","55,847","55,847","2,467","2,926","6,929","10,490","7,969","8,721","8,637","5,274","2,170","261","3","60,568","60,568","2,379","2,922","8,606","10,582","7,944","8,678","8,898","6,219","3,573","750","17"
"서울특별시 용산구 (1117000000)","197,948","197,948","9,757","12,571","25,829","36,715","28,443","30,920","27,522","16,087","8,469","1,589","46","94,058","94,058","4,947","6,402","11,406","17,850","14,039","14,978","13,437","7,293","3,209","485","12","103,890","103,890","4,810","6,169","14,423","18,865","14,404","15,942","14,085","8,794","5,260","1,104","34"
"서울특별시 성동구 (1120000000)","273,084","273,084","15,638","17,269","37,529","48,158","39,189","42,193","38,072","22,522","10,856","1,629","29","131,637","131,637","8,047","8,454","17,886","23,632","19,657","20,561","18,594","10,154","4,208","438","6","141,447","141,447","7,591","8,815","19,643","24,526","19,532","21,632","19,478","12,368","6,648","1,191","23"
"서울특별시 광진구 (1121500000)","328,807","328,807","13,372","22,928","54,406","56,560","45,382","50,214","45,394","26,855","11,819","1,839","38","157,261","157,261","6,844","11,545","24,872","28,102","22,124","24,326","21,786","12,203","4,930","518","11","171,546","171,546","6,528","11,383","29,534","28,458","23,258","25,888","23,608","14,652","6,889","1,321","27"
"서울특별시 동대문구 (1123000000)","349,373","349,373","17,774","23,459","55,489","55,186","47,821","52,169","48,488","31,601","15,159","2,176","51","170,079","170,079","9,060","11,842","25,911","27,984","24,425","26,188","23,681","14,311","6,012","654","11","179,294","179,294","8,714","11,617","29,578","27,202","23,396","25,981","24,807","17,290","9,147","1,522","40"
"서울특별시 중랑구 (1126000000)","374,876","374,876","16,287","23,038","44,495","58,728","50,069","60,767","64,006","38,634","16,456","2,339","57","182,757","182,757","8,277","11,828","20,889","29,863","26,025","29,903","30,987","17,684","6,659","634","8","192,119","192,119","8,010","11,210","23,606","28,865","24,044","30,864","33,019","20,950","9,797","1,705","49"
"서울특별시 성북구 (1129000000)","420,178","420,178","21,171","34,286","62,195","56,664","58,856","69,888","58,043","37,581","18,580","2,854","60","200,518","200,518","10,939","17,149","28,977","28,302","29,055","34,204","27,303","16,506","7,264","807","12","219,660","219,660","10,232","17,137","33,218","28,362","29,801","35,684","30,740","21,075","11,316","2,047","48"
"서울특별시 강북구 (1130500000)","276,786","276,786","9,428","17,864","33,737","34,116","35,591","47,814","47,295","32,655","16,138","2,105","43","132,863","132,863","4,771","9,046","15,549","17,848","18,571","23,627","22,469","14,091","6,256","628","7","143,923","143,923","4,657","8,818","18,188","16,268","17,020","24,187","24,826","18,564","9,882","1,477","36"
"서울특별시 도봉구 (1132000000)","297,295","297,295","11,558","21,072","32,746","36,888","38,964","51,195","52,860","33,668","15,877","2,395","72","143,294","143,294","5,998","10,952","15,972","18,934","19,606","24,602","24,707","15,475","6,363","670","15","154,001","154,001","5,560","10,120","16,774","17,954","19,358","26,593","28,153","18,193","9,514","1,725","57"
"서울특별시 노원구 (1135000000)","480,352","480,352","22,639","44,110","60,277","60,936","68,078","82,600","71,991","45,434","20,670","3,534","83","229,727","229,727","11,617","22,785","30,359","30,769","32,657","39,626","33,345","20,010","7,619","925","15","250,625","250,625","11,022","21,325","29,918","30,167","35,421","42,974","38,646","25,424","13,051","2,609","68"
"서울특별시 은평구 (1138000000)","451,385","451,385","20,047","33,276","54,933","66,508","63,497","75,772","68,465","44,526","21,239","3,055","67","213,364","213,364","10,347","16,906","25,471","32,387","31,290","36,467","31,776","19,334","8,443","926","17","238,021","238,021","9,700","16,370","29,462","34,121","32,207","39,305","36,689","25,192","12,796","2,129","50"
"서울특별시 서대문구 (1141000000)","298,233","298,233","14,948","21,874","44,692","44,883","41,490","46,964","41,411","25,932","13,794","2,198","47","140,635","140,635","7,635","10,816","20,266","22,059","20,401","22,737","19,513","11,242","5,291","666","9","157,598","157,598","7,313","11,058","24,426","22,824","21,089","24,227","21,898","14,690","8,503","1,532","38"
"서울특별시 마포구 (1144000000)","353,997","353,997","17,953","25,669","53,939","64,147","53,707","54,946","42,096","25,710","13,546","2,240","44","164,245","164,245","9,198","12,812","23,201","30,131","25,818","26,550","19,807","10,892","5,162","669","5","189,752","189,752","8,755","12,857","30,738","34,016","27,889","28,396","22,289","14,818","8,384","1,571","39"
"서울특별시 양천구 (1147000000)","421,364","421,364","22,517","45,871","45,678","51,428","68,662","70,862","61,807","38,168","14,078","2,231","62","204,922","204,922","11,561","23,666","22,814","25,525","32,982","34,983","29,368","17,793","5,674","548","8","216,442","216,442","10,956","22,205","22,864","25,903","35,680","35,879","32,439","20,375","8,404","1,683","54"
"서울특별시 강서구 (1150000000)","545,913","545,913","26,271","39,819","70,334","95,986","80,759","80,378","78,256","50,890","19,796","3,332","92","260,454","260,454","13,514","20,329","31,223","47,658","40,593","39,313","35,947","23,032","7,954","877","14","285,459","285,459","12,757","19,490","39,111","48,328","40,166","41,065","42,309","27,858","11,842","2,455","78"
"서울특별시 구로구 (1153000000)","380,911","380,911","19,182","26,808","45,387","61,257","53,897","59,232","57,555","39,197","16,149","2,208","39","185,987","185,987","9,869","13,538","21,637","31,249","27,582","29,505","27,333","17,808","6,818","644","4","194,924","194,924","9,313","13,270","23,750","30,008","26,315","29,727","30,222","21,389","9,331","1,564","35"
"서울특별시 금천구 (1154500000)","221,554","221,554","8,142","11,916","31,169","39,747","27,167","34,301","36,868","21,786","9,184","1,251","23","111,113","111,113","4,142","6,079","14,803","21,825","14,636","17,159","18,251","10,047","3,824","341","6","110,441","110,441","4,000","5,837","16,366","17,922","12,531","17,142","18,617","11,739","5,360","910","17"
"서울특별시 영등포구 (1156000000)","368,299","368,299","19,447","22,244","52,157","74,070","51,412","52,921","48,433","30,970","14,338","2,259","48","179,356","179,356","9,897","11,436","23,083","37,150","26,331","26,591","23,943","14,231","5,954","731","9","188,943","188,943","9,550","10,808","29,074","36,920","25,081","26,330","24,490","16,739","8,384","1,528","39"
"서울특별시 동작구 (1159000000)","369,835","369,835","17,102","25,117","59,360","61,599","50,179","55,764","49,467","33,244","15,613","2,337","53","178,426","178,426","8,810","12,839","28,260","31,411","25,234","27,110","23,024","14,498","6,510","717","13","191,409","191,409","8,292","12,278","31,100","30,188","24,945","28,654","26,443","18,746","9,103","1,620","40"
"서울특별시 관악구 (1162000000)","475,220","475,220","13,592","23,914","101,298","93,770","56,768","63,492","59,341","41,674","18,978","2,351","42","238,619","238,619","6,891","12,042","48,436","52,323","30,690","32,670","28,354","18,462","8,008","737","6","236,601","236,601","6,701","11,872","52,862","41,447","26,078","30,822","30,987","23,212","10,970","1,614","36"
"서울특별시 서초구 (1165000000)","411,494","411,494","26,403","45,725","47,383","57,135","70,509","67,591","48,104","32,652","13,706","2,222","64","195,413","195,413","13,649","23,040","22,374","26,536","32,504","33,137","22,500","14,705","6,226","725","17","216,081","216,081","12,754","22,685","25,009","30,599","38,005","34,454","25,604","17,947","7,480","1,497","47"
"서울특별시 강남구 (1168000000)","547,136","547,136","31,655","63,494","61,556","79,038","98,059","86,757","62,313","44,307","17,137","2,736","84","261,114","261,114","16,322","33,035","28,865","37,137","44,614","43,385","29,226","19,793","7,907","811","19","286,022","286,022","15,333","30,459","32,691","41,901","53,445","43,372","33,087","24,514","9,230","1,925","65"
"서울특별시 송파구 (1171000000)","645,942","645,942","39,759","57,546","75,409","106,370","104,205","97,917","87,541","54,502","19,309","3,298","86","309,180","309,180","20,403","29,091","35,173","50,925","50,155","47,369","40,986","25,629","8,506","923","20","336,762","336,762","19,356","28,455","40,236","55,445","54,050","50,548","46,555","28,873","10,803","2,375","66"
"서울특별시 강동구 (1174000000)","497,089","497,089","31,872","43,784","54,835","77,178","80,828","74,473","71,545","44,595","15,427","2,483","69","241,991","241,991","16,589","23,214","25,847","37,894","40,095","36,708","33,501","20,780","6,738","613","12","255,098","255,098","15,283","20,570","28,988","39,284","40,733","37,765","38,044","23,815","8,689","1,870","57"
